words,user_location
['happy'],North Carolina
['happy'],Wampanoag land
['happy'],Pretoria
['happy'],21:21
['happy'],21:21
['happy'],
['happy'],"Nairobi, Kenya"
['happy'],
['happy'],
['happy'],"Banswara, India"
['happy'],"Jayaprakash Nagar, Berhampur"
['happy'],Hyderabad
['happy'],
['happy'],
['happy'],"Mumbai, India"
"['happy', 'remember']",South Africa
"['happy', 'organic']",canada
"['happy', 'weekend']","Lagos, Nigeria"
"['happy', 'people']",#selfharm #survivor
"['happy', 'different']",Kenya
['happy'],"New York, NY"
"['happy', 'summer']",Anywhere
"['happy', 'day']","Portland, Oregon"
"['happy', 'day']","Portland, Oregon"
"['happy', 'birthday']","Gangapur Cantonment Area, Gang"
"['happy', 'via']","Cape Town, South Africa"
"['happy', 'design']",
"['happy', 'birthday']",Singapore
"['first', 'happy']",
"['make', 'happy']",Green Land 
"['purpose', 'happy']",
"['achieve', 'happy']",
"['family', 'happy']","Indore, India"
"['happy', 'design']",
"['real', 'happy']",Kilcar
"['happy', 'day']","Portland, Oregon"
"['happy', 'pharmacy']","Junagadh,india"
"['wishing', 'happy']",
"['wishing', 'happy']","Andhra Pradesh, India"
"['wish', 'happy']",Hyderabad
"['wishing', 'happy']",Hyderabad
"['wishing', 'happy']","Mumbai, India"
"['happy', 'beginning']",New York City
"['everyone', 'happy']","Hyderabad, India"
"['happy', 'day', 'avo']","Portland, Oregon"
"['dashing', 'happy', 'birthday']","Hyderabad, India"
"['happy', 'took', 'bait']",
['happy'],"Port Harcourt, Nigeria"
"['corona', 'canada', 'happy']",Switzerland
"['happy', 'new', 'week']","Lagos, Nigeria"
"['happy', 'day', 'positive']",Unfollowing for Spoilers
"['happy', 'friendship', 'day']","Bengaluru, India"
"['happy', 'article', 'vaccination']",New York
"['happy', 'ending', 'pregnancy']","San Franciso, CA"
"['quite', 'happy', 'import']",üè¥Û†ÅßÛ†Å¢Û†Å•Û†ÅÆÛ†ÅßÛ†Åø üá¨üáß
"['happy', 'weekend', 'cat']",Online Website
"['happy', 'paper', 'myocarditis']",Paris
"['happy', 'bank', 'account']",
"['happy', 'zoom', 'chad']","Johannesburg, South Africa"
"['happy', 'zoom', 'chad']","62 Glenwood Rd, Pretoria 0081"
"['click', 'see', 'happy']",
"['click', 'see', 'happy']",
"['click', 'see', 'happy']",
"['click', 'see', 'happy']",
"['click', 'see', 'happy']",
"['click', 'see', 'happy']",
"['happy', 'contact', 'us']",
"['family', 'happy', 'bipolar']",Mumbai
"['dear', 'celebrate', 'happy']","Herndon, VA USA & Hyderabad In"
"['happy', 'times', 'f']","Park Rd, Islamabad, Islamabad "
"['happy', 'independence', 'day']","Dubai, United Arab Emirates"
"['everyone', 'happy', 'know']",
"['happy', 'hermit', 'anxiety']",Australia
"['happy', 'month', 'anniversary']","Stafford, England"
"['happy', 'covid', 'birthday']","Footscray, Melbourne"
"['happy', 'connect', 'us']",
"['happy', 'festival', 'love']",Vadodara
"['test', 'negative', 'happy']",Where my heart is
"['happy', 'visit', 'us']",Pune
"['happy', 'day', 'covid']",Pallikaranai Chennai
"['happy', 'festival', 'love']",Vadodara
"['happy', 'baby', 'dhoni']",
"['personally', 'happy', 'level', 'avoidable']",
"['happy', 'announce', 'food', 'call']","Chennai, India"
"['head', 'shame', 'visit', 'happy']","Sherborne, England"
"['happy', 'hear', 'organized', 'several']","Las Vegas, NV"
"['true', 'say', 'happy', 'discuss']","Houston, TX"
"['happy', 'birthday', 'act', 'asthma']",
"['happy', 'share', 'ambassador', 'message']","New Delhi, India"
"['happy', 'see', 'garden', 'organic']",canada
"['wishing', 'happy']","Croydon, South London"
"['bet', 'people', 'infected', 'happy']",Caprica
"['case', 'festival', 'happy', 'ya']","Karachi, Pakistan"
"['happy', 'get', 'discount', 'enjoy']","Abeokuta, Nigeria"
"['interested', 'happy', 'always', 'follow']",
"['yep', 'happy', 'knowledge', 'yoga']","LA, CA"
"['teens', 'get', 'transmit', 'happy']",NYC/Saratoga Springs/Kumasi/LG
"['happy', 'speed', 'chicken']","Nairobi, Kenya"
"['happy', 'happy', 'silent', 'condition']",Mumbai | Kolkata
"['happy', 'valley', 'lander', 'wy']",
"['wishing', 'happy', 'weekend', 'around']","Enugu, "
"['happy', 'day']","Johannesburg, South Africa"
"['happy', 'painted', 'high', 'coffee']",
"['hey', 'happy', 'handling', 'frown']",
"['happy', 'state', 'got', 'expansion']",South Carolina
"['happy', 'breathe', 'pulmonary', 'asthma']","Connecticut, USA"
"['better', 'die', 'happy', 'soul']",
"['wishing', 'happy', 'stay', 'safe']",Desiccated Princely State
"['first', 'choice', 'everyone', 'happy']",Alwar
"['happy', 'international', 'youth', 'day']",East Africa
"['happy', 'may', 'joyous', 'occasion']","Agra, India"
"['happy', 'fly', 'tested', 'positive']",
"['nothing', 'another', 'happy', 'customer']",London 
"['happy', 'see', 'wishing', 'best']",Odisha
"['happy', 'medical', 'employment']","Nairobi, Kenya"
"['happy', 'independence', 'day', 'kindergarten']",Cisaranten-Bandung
"['happy', 'wearing', 'mask', 'watch']",London
"['may', 'shower', 'success', 'happy']","Bengaluru, India"
"['happy', 'birthday', 'football', 'soccer']",Nigeria
"['first', 'choice', 'everyone', 'happy']",India
"['warm', 'may', 'lord', 'happy']","H-183, Sector-63, Noida-UP"
['happy'],"Ahmedabad, Gujarat"
"['happy', 'happy', 'best', 'top']","Rewari, Haryana"
"['happy', 'love', 'festival', 'happy']","Agra, India"
"['happy', 'love', 'happy', 'festival']",Vadodara
"['happy', 'help', 'follow']",
"['happy', 'help', 'us']","Karimnagar, India"
"['presume', 'happy', 'sign', 'blinded']","Auckland, New Zealand"
"['tennis', 'rocket', 'happy', 'birthday']","Hyderabad, India"
"['happy', 'new', 'state', 'governor', 'since']",Nigeria
"['avoid', 'social', 'gathering', 'happy', 'nana']",East Legon Ghana
"['share', 'happy', 'moment', 'blissful', 'weekend']","Enugu, Nigeria"
"['share', 'happy', 'moment', 'blissful', 'weekend']","Enugu, Nigeria"
"['streaming', 'free', 'enjoy', 'happy', 'steaming']",India
"['happy', 'people', 'today', 'opening', 'back']",
"['happy', 'going', 'spreading', 'march', 'take']", Australia 
"['happy', 'going', 'spreading', 'march', 'take']", Australia 
"['name', 'international', 'happy', 'news', 'coo']",South Africa
"['happy', 'say', 'today', 'gas', 'western']","Texas, USA"
"['happy', 'always', 'pray', 'world', 'fighting']",
"['achieve', 'happy', 'army', 'salute', 'respect']",
"['happy', 'share', 'hopefully', 'anyone', 'well']","Madison, WI"
"['happy', 'pick', 'morning', 'yo', 'nep']","Illinois, USA"
"['morning', 'happy', 'another', 'debacle', 'show']",La Creuse
"['happy', 'story', 'patient', 'hospital', 'stay']",
"['happy', 'water', 'man', 'police', 'enforce']",East Midlands
"['happy', 'holiday', 'everyone', 'bangkok']",Bangkok
"['happy', 'announce', 'colleague', 'tested', 'negative']","Panaji, India"
"['happy', 'announce', 'colleague', 'tested', 'negative']","Goa, India"
"['music', 'anyone', 'thanks', 'happy', 'summer']","Toronto, Ontario Canada"
"['happy', 'anniversary', 'response', 'part', 'effort']","Dhaka, Bangladesh"
"['happy', 'share', 'till', 'wish', 'go']",
"['happy', 'work', 'home', 'wash']","Huntsville, AL"
"['happy', 'national', 'cheesecake', 'day', 'summer']","Michigan, USA"
"['happy', 'ill', 'week', 'friend', 'latest']",The Wild West
"['ill', 'happy', 'dance', 'inside', 'safe']",Atlanta
"['happy', 'el', 'may', 'almighty', 'answer']","Abeokuta, Nigeria"
"['happy', 'follow', 'link']",
"['like', 'make', 'happy', 'back', 'twitter']","London, Ontario"
"['happy', 'birthday', 'stay', 'safe', 'healthy']","North Carolina, USA"
"['happy', 'take', 'part', 'interesting', 'discussion']",
"['dont', 'eat', 'spaghetti', 'happy', 'food']","‡§ï‡§æ‡§®‡§™‡•Å‡§∞, ‡§≠‡§æ‡§∞‡§§"
"['happy', 'introduce', 'new', 'range', 'corporate']",Vadodara
"['serve', 'providing', 'need', 'combat', 'happy']",
"['happy', 'hear', 'participate', 'vaccine']","Nashville, TN"
"['workout', 'comfortable', 'time', 'happy', 'yoga']",
"['football', 'back', 'happy', 'green', 'light']","The Media Mill, Milpark "
"['nationwide', 'gathering', 'happy', 'note', 'million']","Texas, USA"
"['whole', 'lot', 'upsides', 'happy', 'cycling']",Australia
"['happy', 'beat', 'nice', 'improvement', 'today']",Singapore
"['happy', 'hear', 'success', 'beating', 'obvious']",Chicago
"['made', 'weaver', 'happy', 'episode', 'quarantine']","Seattle, WA"
"['another', 'happy', 'client', 'contact']","Nairobi, Kenya"
"['happy', 'international', 'youth', 'day', 'storm']","Lagos, Nigeria "
"['happy', 'international', 'comes', 'pressing']",Eastern Europe & Central Asia
"['happy', 'celebrate', 'safely', 'taking', 'rag']","Ahmadabad City, India"
"['happy', 'independence', 'day', 'covid', 'sketch']",
"['also', 'happy', 'birthday', 'life', 'legacy']",NYC
"['happy', 'dont', 'forget', 'check', 'exciting']","nairobi,Kenya"
"['posted', 'due', 'happy', 'back', 'love']","Sixpenny Handley, England"
"['thinking', 'open', 'happy', 'receive', 'discuss']","Burwell, Cambridge UK"
"['happy', 'news', 'treatment', 'medical', 'college']",NEW DELHI
"['quarantine', 'people', 'coming', 'happy', 'though']",Brussels
"['happy', 'risk', 'catching', 'tenet']","England, United Kingdom"
"['happy', 'lord', 'sure', 'give', 'u']",Pune
"['happy', 'la', 'translation', 'team', 'fight']","Preet Vihar, New Delhi"
"['happy', 'keep', 'life', 'pandemic']",England
"['wishing', 'everyone', 'happy', 'healthy', 'team']","Pune, India"
"['woke', 'wanting', 'happy', 'empty', 'water']",
"['family', 'happy', 'join', 'family', 'know']","Bengaluru South, India"
"['wishing', 'everyone', 'happy', 'stay', 'safe']","‡§†‡§æ‡§£‡•á, ‡§≠‡§æ‡§∞‡§§"
"['wishing', 'everyone', 'happy', 'safe']","Goa, India"
"['may', 'shree', 'family', 'forever', 'happy']","Hyderabad, India"
"['wishing', 'everyone', 'happy']","Sriganganagar,Rajasthan, India"
"['happy', 'healthy', 'spatially', 'distant', 'weekend']","Chicago, IL & Indianapolis, IN"
"['may', 'lord', 'bless', 'success', 'happy']",
"['call', 'video', 'broke', 'happy', 'happy']",Brooklyn NY
"['happy', 'represent', 'lack', 'integrity', 'flouting']",
"['happy', 'long', 'term', 'health', 'p']",
"['oh', 'yes', 'sure', 'perfectly', 'happy', 'distress']",UK
"['strange', 'people', 'refuse', 'wear', 'happy', 'wear']",
"['happy', 'get', 'back', 'work', 'amid', 'pandemic']","Dubai, UAE"
"['foot', 'health', 'healthy', 'happy', 'help', 'need']",United States
"['happy', 'tonight', 'cant', 'even', 'work', 'days']","Florida, USA"
"['art', 'journal', 'make', 'heart', 'happy']",Colorado
"['happy', 'tweeter', 'kiki', 'united', 'fan', 'luke']","Lagos, Nigeria"
"['chef', 'happy', 'please', 'stay', 'safe']",Nairobi
"['happy', 'much', 'work', 'coming', 'locked', 'days']","Jajpur, India"
"['happy', 'announce', 'registration', 'open', 'keynote']",Louvain-la-Neuve & Europe
"['stay', 'happy', 'stay', 'safe', 'stay', 'alert']",CHANDIGARHINDIA
"['happy', 'birthday', 'today', 'whole', 'fight']",
"['happy', 'see', 'met', 'today', 'wore', 'well']","Pittsburgh, PA"
"['happy', 'thought', 'today', 'watching', 'remember', 'movie']","Los Angeles, CA"
"['happy', 'contribute', 'issue', 'significant', 'contribution', 'clinical']","Dublin, Ireland"
"['today', 'chump', 'happy', 'rage', 'since', 'would']",
"['wish', 'happy', 'healthy', 'safe', 'may', 'enjoy']",Guwahati
"['wish', 'happy', 'healthy', 'safe', 'may', 'enjoy']",potts point
"['bolivia', 'happy', 'receive', 'help', 'country', 'recover']",Latin America
"['world', 'happy', 'summer', 'toffee']",North America 
"['good', 'evening', 'twitter', 'wishing', 'happy', 'help']","Lagos, Nigeria"
"['happy', 'part', 'community', 'spread', 'hopefully', 'keep']","Toronto, Ontario"
"['wishing', 'happy', 'team', 'cleansing']",
"['happy', 'news', 'nurse', 'case', 'manager', 'days']",
"['wish', 'happy', 'healthy', 'safe', 'may', 'enjoy']","Gazipur, Dacca, Bangladesh "
"['happy', 'life', 'every', 'day', 'day', 'humankind']",
"['close', 'booze', 'social', 'responsibility', 'make', 'happy']",Cheshire East
"['plenty', 'would', 'perfectly', 'happy', 'asymptomatic', 'forever']",Tucson
"['happy', 'child', 'idle', 'home', 'pandemic', 'visit']",Kaduna
"['happy', 'crisis', 'medical', 'treatment', 'answer', 'poll']",new delhi
"['happy', 'new', 'membership', 'hopefully', 'strengthen', 'ca']",
"['relationship', 'loyalty', 'experience', 'nationality', 'happy', 'mar']",eastbourne uk
"['theres', 'good', 'idea', 'good', 'happy', 'kind']","San Jose, CA"
"['happy', 'share', 'research', 'effort', 'identify', 'impact']",Singapore
"['happy', 'part', 'campaign', 'stigma', 'discrimination', 'time']",Mumbai
"['antiviral', 'made', 'textile', 'happy', 'share', 'victory']","Bursa,Turkey"
"['point', 'id', 'happy', 'wrong', 'initial', 'stance']",
"['back', 'pool', 'happy', 'restart', 'challenge', 'cos']",
"['finally', 'negative', 'happy', 'able', 'go', 'home']","Mumbai, Maharashtra"
"['happy', 'note', 'health', 'offering', 'free', 'p']","Kampala, Uganda (tonykaburu@yahoo.com)"
"['also', 'check', 'pandemic', 'much', 'happy', 'reading']",Dubai
"['happy', 'around', 'world', 'indigenous', 'tribal', 'live']",UK
"['thing', 'rate', 'dont', 'know', 'happy', 'vice']","Gurgaon, India"
"['happy', 'sacrifice', 'part', 'disastrous', 'response', 'pu']",
"['happy', 'know', 'follow', 'back', 'like', 'post']","Delta, OH"
"['hey', 'quite', 'happy', 'pertaining', 'solely', 'help']",I'm not telling
"['happy', 'see', 'actually', 'spelt', 'correctly', 'wow']",
"['happy', 'face', 'mask', 'shop', 'support', 'basketball']",Leicester
"['happy', 'connect', 'enjoy', 'strong', 'partnership', 'despite']","Paris, France "
"['happy', 'national', 'youth', 'charity', 'constantly', 'young']",
"['thanks', 'game', 'happy', 'thanks', 'boss', 'lightning']",
"['happy', 'many', 'meant', 'school', 'consequently', 'change']",Geneva
"['happy', 'today', 'hosting', 'amazing', 'twitter', 'chat']",Africa
"['happy', 'pandemic', 'severe', 'economic', 'social', 'around']","Johannesburg, South Africa"
"['wonder', 'happy', 'officially', 'recession', 'strategy', 'throwing']",
"['thanks', 'game', 'happy', 'thanks', 'boss', 'lightning']",
"['extend', 'happy', 'everyone', 'may', 'joyous', 'may']",
"['happy', 'see', 'land', 'blessed', 'tourism', 'pandemic']",Zanzibar 
"['happy', 'recession', 'day', 'get', 'used', 'recession']",Lancashire
"['happy', 'announce', 'tech', 'smart', 'academy', 'various']",India
"['thanks', 'game', 'happy', 'thanks', 'boss', 'lightning']",
"['new', 'happy', 'keep', 'life', 'pandemic']",England
"['wish', 'happy', 'need', 'take', 'protect']",Pakistan
"['celebrate', 'happy', 'strategy', 'win', 'make', 'free']","Herndon, VA USA & Hyderabad In"
"['happy', 'graphic', 'designer', 'abigail', 'say', 'c']","Seattle, WA"
"['new', 'happy', 'keep', 'life', 'pandemic']",England
"['happy', 'blessed', 'stay', 'positive', 'test', 'negative']",
"['cant', 'get', 'together', 'class', 'pretty', 'happy']","Auckland Central, Auckland"
"['happy', 'increase', 'panic', 'call', 'psychotherapist', 'ear']",Lagos.Nigeria
"['happy', 'independence', 'day', 'china', 'pandemic', 'mani']",
"['happy', 'decline', 'mortality', 'rate', 'video', 'link']","Bengaluru, INDIA"
"['difference', 'level', 'economy', 'much', 'happy', 'coz']","Pretoria, South Africa Erasmia"
"['much', 'shade', 'love', 'happy', 'boy']",We are everywhere
"['make', 'decision', 'best', 'version', 'happy', 'sabbath']","Johannesburg, South Africa"
"['happy', 'everyone', 'current', 'pandemic', 'wearing', 'protect']","The Dear Green Place, Scotland"
"['works', 'might', 'get', 'approval', 'happy', 'trading']",Gates of Hell
"['follow', 'market', 'regularly', 'wishing', 'happy', 'safe']","Surat, Gujarat."
"['team', 'sri', 'would', 'like', 'wish', 'happy']",India
"['social', 'distance', 'new', 'happy', 'hour', 'nature']",
"['happy', 'national', 'independence', 'day', 'everyone', 'especially']",Malaysia
"['pace', 'would', 'mean', 'us', 'happy', 'everyone']","Peoria, AZ"
"['happy', 'one', 'year', 'anniversary', 'fantastic', 'dear', 'see']",Amsterdam
"['happy', 'stepping', 'something', 'important', 'certainly', 'wear', 'mask']",
"['still', 'happy', 'price', 'target', 'earnings', 'early', 'august']",Trifecta üáøüáºüáøüá¶üá∫üá∏
"['morning', 'happy', 'weekend', 'big', 'fixed', 'l', 'bought']",
"['morning', 'happy', 'weekend', 'big', 'fixed', 'l', 'bought']",
"['want', 'live', 'happy', 'successful', 'life', 'tie', 'people']",
"['day', 'neither', 'wealth', 'benefit', 'happy', 'comes', 'wi']",Here or There
"['trying', 'times', 'comforting', 'adequate', 'protection', 'happy', 'answer']","Los Angeles, CA"
"['happy', 'thought', 'today', 'stopping', 'way', 'back', 'san']","Los Angeles, CA"
"['happy', 'day', 'please', 'declare', 'fundamental', 'aim', 'life']",Chennai
"['happy', 'forsake', 'gathering', 'worship', 'home', 'avoid', 'spread']",Global
"['happy', 'celebrate', 'important', 'day', 'please', 'let', 'us']","Monrovia, Liberia"
"['today', 'please', 'wish', 'happy', 'birthday', 'today']","Lagos, Nigeria"
"['poor', 'likely', 'lose', 'home', 'poor', 'people', 'happy']","Louisville, KY"
"['happy', 'birthday', 'belligerent', 'batsman', 'exceptional', 'ref']",
"['b', 'happy', 'vaccine', 'available', 'area', 'popular', 'virus']","Virginia, USA"
"['death', 'doesnt', 'make', 'happy', 'feeling', 'sense', 'karma']",The High Country
"['happy', 'birthday', 'make', 'sure', 'next', 'birthday', 'free']",England
"['happy', 'part', 'effort', 'role', 'treatment', 'crucial', 'role']",Cambridge-Kampala
"['happy', 'connect', 'share', 'directly', 'work', 'supporting', 'food']","Mbale, Uganda"
"['see', 'loopy', 'happy', 'make', 'international', 'happen']",Luton LU2
"['happy', 'finally', 'able', 'share', 'collection', 'relevant', 'crea']","Koblenz, Germany"
"['happy', 'new', 'month', 'loyal', 'intending', 'love', 'celebrate']","Lagos, Nigeria"
"['good', 'day', 'happy', 'people', 'happy', 'celebration', 'celebrate']","Nairobi, Kenya"
"['happy', 'part', 'group', 'fantastic', 'important', 'article', 'helping']","Plano, TX"
"['happy', 'say', 'rent', 'relief', 'program', 'extended', 'jump']","Bronx, NY"
"['thanks', 'sir', 'team', 'making', 'happy', 'hard', 'time']",Union territory of J&K
"['yes', 'people', 'often', 'horrible', 'stupid', 'trigger', 'happy']","Dunedin, Florida"
"['strengthen', 'bond', 'keeping', 'distance', 'team', 'happy', 'safe']","Mumbai, Maharashtra"
"['driving', 'positive', 'change', 'covid', 'happy', 'launch', 'screening']",Global
"['spoke', 'little', 'star', 'happy', 'share', 'fine', 'sure']",
"['away', 'general', 'election', 'happy', 'whats', 'going', 'country']","Santa Cruz, CA"
"['simple', 'find', 'happy', 'follow', 'update', 'safety', 'gadget']","Lagos, Nigeria"
"['reliable', 'power', 'happy', 'business', 'food', 'spare', 'misery']","Toronto, Ontario"
"['make', 'happy', 'despite', 'pandemic', 'regular', 'lap', 'swimming']","Baton Rouge, LA"
"['little', 'dose', 'happy', 'brought', 'fire', 'chief', 'glad']","Xenia, OH"
"['happy', 'birthday', 'may', 'special', 'day', 'bring', 'heart']","Lagos, Nigeria"
"['guarding', 'happy', 'call', 'face', 'mask', 'mask', 'available']",
"['guarding', 'happy', 'call', 'face', 'mask', 'mask', 'available']","Manchester, England"
"['guarding', 'happy', 'call', 'face', 'mask', 'mask', 'available']",Salford Manchester England
"['guarding', 'happy', 'call', 'face', 'mask', 'mask', 'available']",UK
"['happy', 'show', 'love', 'like', 'button']",Nigeria
"['happy', 'know', 'well', 'may', 'almighty', 'shower', 'blessing']","Gujarat, India"
"['happy', 'year', 'grapple', 'global', 'pandemic', 'join', 'us']",KwaZulu-Natal
"['happy', 'know', 'well', 'may', 'almighty', 'shower', 'blessing']",Guwahati
"['happy', 'national', 'day', 'kindness', 'learn', 'health']",
"['happy', 'birthday', 'surely', 'due', 'acting', 'amazing', 'work']",UK
"['first', 'choice', 'everyone', 'happy', 'national', 'book', 'day']",India
"['happy', 'international', 'day', 'indigenous', 'fight', 'spread', 'pandemic']",Worldwide
"['full', 'story', 'told', 'happy', 'experienced', 'early', 'career']","Fresno, CA"
"['happy', 'day', 'theme', 'generation', 'equality', 'equal', 'future']",South Africa
"['happy', 'birthday', 'better', 'half', 'boss', 'celebration', 'times']",Locked-Down
"['happy', 'live', 'paradigm', 'went', 'many', 'came', 'see']","Cohasset, MA"
"['truly', 'happy', 'since', 'easy', 'way', 'stay', 'away']",
"['made', 'pregnancy', 'even', 'stressful', 'need', 'see', 'happy']","Providence, Rhode Island"
"['happy', 'go', 'back', 'work', 'ons', 'disability', 'disabled']",UK
"['happy', 'birthday', 'many', 'many', 'happy', 'day']","Kolkata,India"
"['happy', 'present', 'first', 'learn', 'team']",Geneva
"['rural', 'satisfied', 'taken', 'fight', 'pandemic', 'happy', 'w']",India
"['happy', 'see', 'something', 'goa', 'suppose', 'people', 'highlight']",Land of MileSurMeraTumharaüôè
"['abu', 'facility', 'say', 'happy', 'help', 'speed', 'development']","Umm al-Quwain, UAE"
"['happy', 'international', 'youth', 'day', 'pandemic', 'various', 'yo']",Jl. Salemba Raya No. 6 Jakarta
"['creation', 'projection', 'form', 'already', 'lord', 'happy', 'j']",
"['happy', 'youth', 'along', 'financial', 'inclusion', 'crucial', 'rea']",Global
"['artist', 'dressed', 'lord', 'people', 'passing', 'happy', 'j']","Chandigarh, India"
"['got', 'testing', 'happy', 'say', 'tested', 'negative']",AUSTRALIA VIC
"['happy', 'one', 'five', 'alone', 'affected', 'least', 'one']","Brussels, Belgium"
"['happy', 'pandemic', 'severe', 'economic', 'social', 'around', 'w']","62 Glenwood Rd, Pretoria 0081"
"['happy', 'today', 'behalf', 'adolescent', 'investment', 'plan', 'coalition']",Global
"['happy', 'keep', 'spirit', 'engaging', 'global', 'need']",
"['everyone', 'happy', 'mid', 'week']","Randburg, South Africa"
"['happy', 'youth', 'day', 'young', 'world', 'especially', 'crisis']",Madagascar
"['happy', 'today', 'recognize', 'give', 'thanks', 'young', 'people']",
"['still', 'happy', 'support', 'live', 'first', 'recession', 'since']","London, England"
"['day', 'happy', 'left', 'day', 'tremor', 'left', 'ha']",Kirinyaga
"['happy', 'share', 'work', 'delegation', 'read', 'comment']",
"['happy', 'national', 'day', 'one', 'national']","Sussex, UK"
"['happy', 'birthday', 'independence', 'day', 'people', 'th']","⁄©ÿ±ÿß⁄Ü€å, Ÿæÿß⁄©ÿ≥ÿ™ÿßŸÜ"
"['day', 'happy', 'day', 'right', 'globally', 'total', 'ca']","Denver, CO"
"['happy', 'independence', 'day', 'best', 'consultant', 'pediatrician', 'baby']","Lahore, Pakistan"
"['test', 'never', 'happy', 'see', 'word', 'negative']",New York
"['happy', 'enjoy', 'auspicious', 'day', 'starvation', 'eviction', 'lack']","Hollywood, CA"
"['un', 'happy', 'suffering', 'holding', 'musical', 'dance', 'death']",
"['people', 'say', 'world', 'yet', 'happy', 'take', 'ground']",
"['happy', 'birthday', 'best', 'thank', 'sir', 'amazing', 'work']","New Delhi, India"
"['find', 'time', 'make', 'happy', 'home', 'prevent', 'spread']","Manila, Philippines"
"['happy', 'new', 'week', 'financially', 'diplomatically', 'protection', 'complementary']","Geneva, Switzerland"
"['thank', 'helping', 'second', 'chance', 'live', 'happy', 'li']",ü™ê
"['happy', 'beauty', 'celebrated', 'kept', 'us', 'going', 'book']","Treaty 7 Lands, AB"
"['idea', 'premier', 'happy', 'whereas', 'deeply', 'concerned', 'number']","Oakville, Ontario"
"['expect', 'world', 'group', 'via', 'happy', 'welcome', 'ba']",Sea Cadet TS Blk cap Bkenhead
"['quarantine', 'pug', 'love', 'happy', 'cute', 'dog', 'cat']",
"['quarantine', 'pug', 'love', 'happy', 'cute', 'dog', 'cat']",
"['keeping', 'detailed', 'record', 'holiday', 'diary', 'happy', 'mem']","Manchester, & elsewhere, UK"
"['pray', 'keep', 'faith', 'god', 'take', 'away', 'happy']",
"['happy', 'anniversary', 'dad']","Lagos, Nigeria"
"['happy', 'may', 'healthy', 'fight']","Hyderabad, India"
"['happy', 'may', 'god', 'remove', 'life', 'throw', 'away']","Bengaluru South, India"
"['go', 'telegram', 'search', 'steady', 'fixed', 'feel', 'happy']",
"['good', 'morning', 'happy', 'came', 'successful', 'usual', 'c']",Asaba
"['wishing', 'happy', 'may', 'lord', 'us', 'power', 'fight']","Cuttack, Odisha"
"['team', 'digital', 'spire', 'wishing', 'happy', 'contact', 'us']",
"['may', 'arrival', 'bring', 'wave', 'happiness', 'health', 'happy']",India
"['family', 'happy', 'may', 'lord', 'help', 'us', 'overcome']","Pune, India"
"['everyone', 'happy', 'may', 'lord', 'shower', 'peace', 'prosperity']","Bengaluru South, India"
"['week', 'desire', 'keep', 'mommy', 'daddy', 'donor', 'happy']","Oxford, OH"
"['trying', 'find', 'happiness', 'learn', 'happy', 'people', 'detailed']",
"['happy', 'spectacle', 'spectacles']","Nashik, India"
"['pandemic', 'dont', 'mad', 'late', 'happy', 'made', 'pandemic']",
"['trump', 'happy', 'people', 'firm', 'believer', 'karma', 'patience']",Seminole County
"['happy', 'way', 'going', 'yes', 'make', 'voice', 'visit']","Prince George's County, MD"
"['year', 'carbon', 'footprint', 'doubled', 'happy', 'definitely', 'per']",Australia
"['happy', 'part', 'year', 'despite', 'emphasize', 'impact', 'c']",Rabat
"['home', 'havent', 'taken', 'day', 'since', 'happy', 'share', 'experience']","New York, NY"
"['hello', 'happy', 'share', 'new', 'paper', 'impact', 'pandemic', 'market']","Kumasi, Ghana"
"['god', 'bless', 'humanity', 'vaccine', 'soon', 'happy', 'life', 'race']",India
['hope'],NYC
['hope'],"StJohn usvi,Boston,NYC,Jamaica"
['hope'],"Ely, MN"
['hope'],"England, UK"
"['hope', 'three']",#StGeorge~#StatenIsland~#NYC
"['hope', 'strategy']",
"['hope', 'safe']",
"['hope', 'quarantine']","Irvine, Scotland"
"['hope', 'get']",Arizona
"['hope', 'grandmother']",#StGeorge~#StatenIsland~#NYC
"['hope', 'following']",India 
"['hope', 'sequel']",Parent's prayers 
"['hope', 'works']",India
['hope'],Malappuram
"['everyone', 'hope']","England, United Kingdom"
"['hope', 'future']",Cardiff
"['hope', 'poor']","Las Vegas, NV"
"['hope', 'reach']","Gujarat, India"
"['hope', 'hand']","Ocala, FL"
"['hope', 'cope']","New York, NY"
"['never', 'hope', 'fulfill']","Southwark, London, UK"
"['hope', 'still', 'remember']","Lagos, Nigeria"
"['positive', 'hope', 'soon']","New Delhi, India"
"['history', 'hope', 'history']",Worldwide
"['surely', 'hope', 'think']",United States
"['hope', 'fair', 'practice']","Toronto, Ontario"
"['fraudulent', 'data', 'hope']",
"['joke', 'hope', 'nobody']","Chicago, IL"
"['technology', 'ray', 'hope']","Ahmadabad City, India"
"['even', 'hope', 'found']",
"['hope', 'someone', 'notified']",
"['sure', 'hope', 'massive']","Watertown, MA"
"['hope', 'follow', 'dogs']",United States
"['hope', 'dont', 'regret']","√úT: 43.331675,-79.826053"
"['many', 'hope', 'today']","Vancouver, BC"
"['thank', 'support', 'hope']","Chandler, AZ"
"['hope', 'rep', 'completely']",Twitterville
"['hope', 'reconsider', 'endorsement']",global
"['hope', 'staff', 'fire']",#StGeorge~#StatenIsland~#NYC
"['hope', 'follow', 'lead']",Louisiana
"['social', 'hope', 'infected']","pottstown, pa"
"['sincerely', 'hope', 'wasnt']","Brighton, England"
"['know', 'nothing', 'hope']",Cabuyao Laguna / Tagaytay City
"['posted', 'hope', 'like']","Lagos, Nigeria"
"['hope', 'better', 'year']","Calgary, Alberta"
"['hope', 'following', 'session']","Boston, MA"
"['new', 'hope', 'like']",
"['good', 'hope', 'like']",
"['hope', 'reject', 'vaccine']","Cambridge, UK"
"['hope', 'pandemic', 'fast']",
"['giving', 'hope', 'world']",Thika
['hope'],"Thalassery, India"
"['hope', 'die']","36.0395¬∞ N, 114.9817¬∞ W"
"['hope', 'work', 'morning']",South Africa
"['hey', 'think', 'hope']",Somewhere
"['result', 'hope', 'government']",
"['hope', 'us', 'wi']",
"['hope', 'vaccine', 'works']",
"['sorry', 'brother', 'hope']","Kansas, USA"
"['denial', 'admit', 'hope']",
"['hope', 'despite', 'rising']",Morocco
"['hope', 'come']","Newcastle Upon Tyne, England"
"['hope', 'best', 'real']","Bogot√°, Colombia"
"['finally', 'hope', 'ai']",
"['last', 'antigen', 'hope']",BHUBANESWAR
"['last', 'antigen', 'hope']",BHUBANESWAR
"['last', 'antigen', 'hope']",BHUBANESWAR
"['hope', 'testing', 'ride']",New Mexico
"['wild', 'hope', 'pence']",
"['hope', 'catch', 'sympathy']","West Midlands, England"
"['violence', 'hope', 'get']",
"['government', 'peak', 'hope']","Wigston, Leicester"
"['hope', 'take', 'note', 'warning']","Washington, DC"
"['incredible', 'hope', 'generosity', 'join']",Australia
"['sphere', 'response', 'hope', 'many']",Japan
"['wish', 'ill', 'upon', 'hope']","Mumbai, India"
"['flu', 'hope', 'many', 'possible']","Dubai, DC, London, Zanzibar"
"['hope', 'storm', 'full', 'video']",Worldwide
"['hope', 'also', 'miraculous', 'provided']","Bengaluru, India"
"['hope', 'theyre', 'accurate', 'current']",
"['hi', 'hope', 'well', 'state']",.
"['hope', 'storm', 'full', 'video']",Worldwide
"['hope', 'storm', 'full', 'video']",Worldwide
"['hope', 'storm', 'full', 'video']",Worldwide
"['hope', 'storm', 'full', 'video']",Worldwide
"['hope', 'storm', 'full', 'video']",Worldwide
"['hope', 'everyone', 'great', 'weekend']","Fort Worth, TX"
"['wonderful', 'see', 'hope', 'start']",
"['real', 'talk', 'topic', 'hope']",‚Ç©√ò‚±§‚±†ƒê‚Ç©≈Çƒê…Ü
"['hope', 'caught', 'sorry', 'saying']","Philadelphia, PA."
"['regional', 'tourism', 'say', 'hope']","Bridgetown, Barbados"
"['hope', 'august', 'season', 'finale']",Nigeria
"['hope', 'dont', 'infected', 'w']",#StGeorge~#StatenIsland~#NYC
"['oh', 'hope', 'didnt', 'catch']","St. Louis metro area MO, USA"
"['hope', 'kindness', 'get', 'proper']","Mumbai, India"
"['hi', 'hope', 'product', 'interest']",
"['hope', 'paying', 'attention', 'awesome']",
"['really', 'hope', 'true', 'testing']",Russia
"['positive', 'hope', 'wear', 'mask']",
"['hope', 'storm', 'full', 'video']",Worldwide
"['hope', 'voting', 'struggling', 'f']",Helsinki
"['thought', 'day', 'hope', 'fearful']","Franklin, TN"
"['peace', 'hope', 'world', 'trump']","Georgia, USA"
"['hope', 'involved', 'received', 'unnecessarily']",Somewhere
"['hope', 'storm', 'full', 'video']",Worldwide
"['hope', 'doesnt', 'get', 'traveling']",America 
"['ray', 'hope', 'vaccine']",Hyderabad
"['great', 'morning', 'hope', 'works']",Wonderland 
"['hope', 'keep', 'new', 'normal']",WI
['hope'],United Kingdom
"['youth', 'beacon', 'hope', 'instrumental']",Kenya
"['light', 'darkness', 'hope', 'strength']",
"['hope', 'storm', 'full', 'video']",Worldwide
"['hope', 'storm', 'full', 'video']",Worldwide
"['hope', 'finally', 'part', 'vaccine']",  Fujairah
"['hope', 'storm', 'full', 'video']",Worldwide
"['oh', 'wow', 'hope', 'works']",west yorkshire
"['hope', 'storm', 'full', 'video']",Worldwide
"['hope', 'opportunity', 'support', 'plan']","Norfolk, England"
"['hope', 'electorate', 'dont', 'vote']",
"['hope', 'storm', 'full', 'video']",Worldwide
"['hope', 'catch', 'dumb', 'ass']"," Brooklyn, Sacramento, Vegas"
"['funds', 'allocation', 'hope', 'forget']",
"['yes', 'thank', 'hope', 'listening']","Winnipeg, Mb, Canada"
"['hope', 'storm', 'full', 'video']",Worldwide
"['world', 'development', 'hope', 'life']",Australia
"['hope', 'storm', 'full', 'video']",Worldwide
"['hope', 'storm', 'full', 'video']",Worldwide
"['hope', 'storm', 'full', 'video']",Worldwide
"['hope', 'storm', 'full', 'video']",Worldwide
"['hope', 'storm', 'full', 'video']",Worldwide
"['rain', 'hope', 'enjoy', 'rain']",
"['hope', 'storm', 'full', 'video']",Worldwide
"['hope', 'potential', 'cure', 'read']",
"['glimmer', 'hope', 'championship', 'surely']",Dublin London Galway West Cork
"['hope', 'storm', 'full', 'video']",Worldwide
"['pandemic', 'hope', 'finally', 'realize']",United Kingdom
"['hope', 'youve', 'friend']",Nigeria
"['done', 'unified', 'country', 'hope']",
"['hope', 'storm', 'full', 'video']",Worldwide
"['private', 'band', 'hope', 'future']","Halifax, UK"
"['conduct', 'last', 'antigen', 'hope']",BHUBANESWAR
"['conduct', 'last', 'antigen', 'hope']",BHUBANESWAR
"['hope', 'storm', 'full', 'video']",Worldwide
"['die', 'hope', 'image', 'u']",
"['hope', 'storm', 'full', 'video']",Worldwide
"['hope', 'horse', 'didnt', 'catch']","Rapid City, SD"
"['hope', 'sec', 'start', 'season']","Harrison, AR"
"['well', 'done', 'hope']",| stockholm
"['collected', 'hope', 'go', 'without']",
"['hope', 'test']","Kampala, Uganda"
"['fourth', 'final', 'part', 'hope']","Newark-on-Trent, England"
"['hope', 'read', 'entire', 'thread', 'thank']",South Florida
"['busy', 'hope', 'since', 'trained', 'one']","Miami, Florida"
"['preprint', 'analysis', 'policy', 'hope', 'give']","Stockholm, Sweden"
"['hope', 'least']",
"['sparring', 'match', 'hope', 'proceeds']","Bloemfontein, South Africa"
"['hope', 'pandemic', 'commission', 'human', 'concerned']",Philippines
"['important', 'message', 'people', 'hope', 'everyone']",Jammu
"['june', 'training', 'thats', 'criminal', 'hope']",North Carolina
"['finally', 'optimism', 'decisive', 'hope', 'take']","Atlanta, GA"
"['together', 'hope', 'around', 'world', 'continue']","Lagos, Nigeria"
"['hope', 'see', 'carl', 'director', 'impact']",Afghanistan & Bangladesh 
"['piercing', 'beautiful', 'blue', 'hope', 'heal']",Mitten state 
"['job', 'hope', 'keeping', 'economy', 'going']",
"['hope', 'leave', 'right', 'endanger']",NSW Australia
"['well', 'hope', 'sake', 'sake', 'honest']","Pennsylvania, USA"
"['incoherent', 'nonsense', 'really', 'hope', 'charge']",Êó•Êú¨ Êù±‰∫¨
"['thank', 'abigail', 'hope', 'prevail', 'protect']",
"['said', 'hope', 'president', 'later', 'universal']","Makati, Philippines"
"['hope', 'jail', 'cell', 'soon', 'covid']","America, F Yeah!"
"['spread', 'love', 'hope', 'unity', 'change']",
"['hope', 'get', 'laid', 'plan', 'handling']",Philippines
"['hope', 'niece', 'turns', 'leave', 'money']",British Columbia
"['excited', 'sure', 'hope', 'hope', 'get']","San Antonio, TX"
"['wife', 'older', 'thanks', 'hope', 'keep']","Sunshine Coast, Queensland"
"['hope', 'big', 'capitalism', 'expense', 'lost']","Colorado, USA"
"['struck', 'treatment', 'would', 'hope', 'figure']",Victoria BC
"['leading', 'vaccine', 'hope']","Bhubaneshwar, India"
"['sorry', 'really', 'hope', 'likewise', 'come']",Austin
"['claim', 'real', 'say', 'hope', 'r']","Vancouver, Canada"
"['hope', 'right', 'made', 'coming', 'country']","Charlotte, NC"
"['hope', 'doesnt', 'get', 'prison']",United States
"['people', 'opportunity', 'make', 'money', 'hope']","Pretoria, South Africa Erasmia"
"['corona', 'end', 'stop', 'open', 'hope']",
"['really', 'surprise', 'trash', 'got', 'hope']",Texas
"['losing', 'hope', 'business', 'follow', 'trader']","San Jose, CA"
"['hope', 'death', 'vain', 'real', 'threat']","Newark, NJ"
"['hope', 'decision', 'take', 'responsibility', 'theyre']","Ontario, Canada"
"['hope', 'number', 'people', 'gotten', 'contact']",Arizona
"['lance', 'hope', 'listening', 'tell', 'wear']","Little Rock, AR"
"['hope', 'die', 'vane', 'wear', 'mask']",
"['new', 'circa', 'hope', 'everyone', 'safe']",
"['thank', 'support', 'hope', 'continue', 'donate']","Chandler, AZ"
"['black', 'matter', 'food', 'ubi', 'hope']",Planet Earth
"['pretty', 'cool', 'hope', 'planet', 'heal']",Milan-Italy
"['hope', 'bike', 'charity', 'bike', 'ride']",London and South
"['dear', 'hope', 'safe', 'healthy', 'thanks']",
"['large', 'middle', 'east', 'less', 'hope']","Seattle, WA"
"['someday', 'hope', 'able', 'conquer', 'plateau']","Clinton, OK"
"['already', 'hope', 'get', 'medical', 'treatment']","California, USA"
"['could', 'offer', 'hope', 'way', 'pandemic']",
"['good', 'world', 'hope', 'strength', 'faith']",
"['welcome', 'club', 'sympathize', 'condition', 'hope']","San Mateo, CA"
"['hope', 'could', 'cool', 'guy', 'made']",Close enough !
"['hope', 'keep', 'getting', 'poor', 'family']","Panama City Beach, FL"
"['thanks', 'joining', 'us', 'hope', 'help']",Johannesburg
"['hope', 'community', 'importance', 'clean', 'healthy']",
"['times', 'message', 'positivity', 'hope', 'f']",Mumbai
"['breaking', 'vaccine', 'study', 'hope', 'th']",United States
"['vote', 'trump', 'hope', 'get', 'dog']","Del City, OK"
"['perhaps', 'good', 'coming', 'virus', 'hope']",
"['living', 'hope', 'sickly', 'satirical', 'yo']",I wish I knew
"['hope', 'fear', 'people', 'crisis', 'want']","York, England"
"['hope', 'streets', 'russia', 'justice', 'food']",Planet Earth
"['hope', 'sides', 'resee', 'commentary', 'loading']",
"['hope', 'troubling', 'times', 'magic', 'hemp']",
"['odds', 'meet', 'remarkable', 'born', 'hope']","Fleet, England"
"['squeezing', 'motivation', 'national', 'hope', 'swaggering']",Nairobi
"['hope', 'attendance', 'lamp', 'lighting', 'ceremony']",
"['hope', 'attend', 'instead', 'avoidable', 'sh']",
"['negative', 'hope', 'wont', 'time']",ZA | KN | CMRüìç
"['congratulate', 'russia', 'team', 'gave', 'hope']","Noida, Uttar Pradesh"
"['hope', 'find', 'article', 'helpful', 'covid']","Wales, United Kingdom"
"['hope', 'find', 'article', 'helpful', 'covid']",united kingdom
"['hope', 'enjoy', 'next', 'big', 'world']",
"['hope', 'many', 'believe', 'death', 'covid']",GTA Ontario Canada
"['really', 'hope', 'lupus', 'covid']",London
"['money', 'cripple', 'us', 'hope', 'recession']",
"['one', 'left', 'without', 'hope', 'opportunity']",
"['hope', 'world', 'able', 'find', 'valuable']",London
"['sure', 'hope', 'blunt', 'state', 'safe']",Greater Vancouver
"['love', 'poem', 'pandemic', 'hope', 'poetry']","California, USA"
"['beautiful', 'group', 'giving', 'hope', 'support']",Leeds 
"['hope', 'amount', 'used', 'generate', 'redundant']","Toronto, Ontario"
"['hope', 'footage', 'chanting', 'singing', 'pack']",
"['dont', 'lose', 'hope', 'left', 'times']",The Death Star
"['hope', 'today', 'update', 'share', 'positive']",
"['premier', 'hope', 'full', 'transparency', 'since']","Canberra, Australia"
"['research', 'team', 'report', 'hope', 'making']",Global Nonprofit
"['hope', 'pray', 'arent', 'social', 'gathering']",Avalon 
"['go', 'death', 'beloved', 'grandmother', 'hope']","Chicago, IL"
"['hope', 'help', 'people', 'properly']","Leiden, The Netherlands"
"['watch', 'go', 'change', 'hope', 'seen']","Hudson Valley, New York, USA"
"['help', 'hope', 'keeping', 'well', 'yo']","Louth, Ireland"
"['hope', 'theres', 'rethink', 'latest', 'evidence']","London, UK"
"['hey', 'hope', 'keep', 'lower', 'us']",The Moon
"['hope', 'lose', 'ya', 'know', 'thing']",
"['best', 'hope', 'enough', 'vaccine', 'comes']","Benares, ‡§≠‡§æ‡§∞‡§§"
"['hope', 'enjoy', 'part', 'panel', 'discussion']",
"['hope', 'gateway', 'update', 'tue', 'via']","Philadelphia, PA"
"['hope', 'remember', 'horrible', 'trump']","Florida, USA"
"['decided', 'drop', 'video', 'hope', 'enjoy']","Johannesburg, South Africa"
"['theres', 'hope', 'theres', 'light', 'risk']","roorkee, india "
"['comic', 'hope', 'charge', 'double', 'triple']",Texas
"['like', 'hope', 'also', 'make', 'series']","√úT: 15.068617, 120.945815"
"['island', 'hope', 'doesnt', 'get', 'hand']",
"['big', 'spread', 'begin', 'hope', 'like']",
"['holding', 'hope', 'revitalize', 'culture', 'tourism']","Beijing, CHINA"
"['surat', 'delighted', 'hear', 'experience', 'hope']",
"['hope', 'finish', 'pandemic', 'wave', 'organization']",India
"['hope', 'may', 'herd', 'immunity', 'imp']",New Delhi & Thiruvananthapuram
"['course', 'really', 'hope', 'good']","Milton Keynes, England"
"['better', 'hope', 'state', 'never', 'go']",Evergreen State
"['hope', 'medical', 'staff', 'infected', 'people']","Boston, MA"
"['hope', 'security', 'staff', 'coverage', 'insurance']","Milan, italy"
"['hope', 'get', 'bitch']",
"['herd', 'immunity', 'may', 'best', 'hope']","Virginia, United States"
"['university', 'vent', 'respirator', 'hope', 'save']",
"['hope', 'trump', 'doesnt', 'pronounce', 'mistake']",Arroyo Grande / Pismo Beach
"['hope', 'catch', 'take', 'away', 'away']",United States
"['new', 'post', 'viral', 'hope', 'hope']",Earth
"['decrease', 'la', 'county', 'hope', 'keep']","Los Angeles, CA"
"['hope', 'also', 'considered', 'wearing', 'useless']",
"['hope', 'trump', 'premium', 'stock', 'postmaster', 'w']",#StGeorge~#StatenIsland~#NYC
"['mask', 'butterfly', 'symbolize', 'hope', 'dark', 'time']",Durban
"['home', 'starting', 'place', 'love', 'hope', 'blessed']",Melbourne (Australia)
"['school', 'officially', 'hope', 'safety', 'decided', 'di']","Italia Verona, Mantova"
"['great', 'sadness', 'read', 'hope', 'offer', 'b']","Solihull, England"
"['discriminate', 'spread', 'hope', 'love', 'virus']",Kakinada
"['orchid', 'wish', 'spread', 'hope', 'orchid', 'reconstruction']","Tokyo, Japan"
"['hope', 'best', 'indoor', 'tough', 'times', 'like']","Coonabarabran, New South Wales"
"['could', 'wrong', 'hope', 'addition', 'violence', 'government']",Earth
"['hope', 'millions', 'lost', 'health', 'insurance', 'pharmaceutical']",United States
"['hope', 'every', 'state', 'like', 'handle', 'especially']","Bengaluru, India"
"['important', 'defense', 'finding', 'hope', 'scientific', 'evidence']",Earth
"['indigenous', 'hit', 'art', 'offer', 'ray', 'hope']","Brisbane, Queensland"
"['hope', 'reading', 'many', 'smaller', 'right', 'bigger']",Washington state
"['guest', 'honor', 'food', 'thought', 'hope', 'post']",Middle East
"['hope', 'new', 'daily', 'bulletin', 'format', 'kudos']",
"['hope', 'something', 'done', 'help', 'homeless', 'force']","Charlotte, NC"
"['need', 'inform', 'make', 'harm', 'best', 'hope']","Melbourne, Victoria"
"['whatever', 'last', 'shred', 'hope', 'party', 'dead']","Atlanta, GA"
"['enjoy', 'rota', 'take', 'hope', 'get', 'break']","North Wales, Essaouira, World"
"['hope', 'safe', 'thats', 'hacker', 'ring', 'costly']","Foster City, CA"
"['really', 'hope', 'like', 'become', 'part', 'post']",Melbourne
"['message', 'hope', 'people', 'around', 'world', 'suffering']","Kuala Lumpur, Malaysia"
"['hello', 'trust', 'hope', 'well', 'trying', 'times']",Zimbabwe | Africa
"['read', 'get', 'sense', 'hope', 'slowly', 'lost']",Nairobi
"['another', 'little', 'flu', 'hope', 'get', 'soon']",Bli Bli Qld Australia
"['singer', 'seven', 'record', 'song', 'hope', 'covid']","Petaling Jaya, Malaysia"
"['wear', 'capes', 'well', 'beautiful', 'picture', 'hope']",Myanmar
"['hope', 'accountable', 'said', 'would', 'set', 'turned']","South Carolina, USA"
"['correct', 'still', 'yellow', 'zone', 'hope', 'one']",
"['national', 'day', 'celebrated', 'year', 'hope', 'raise']",Pacific
"['fascinating', 'thread', 'hope', 'given', 'last', 'al']",HTX
"['following', 'lead', 'horrific', 'mismanagement', 'hope', 'properly']",Rawai Phuket Thailand
"['reckless', 'selfish', 'hope', 'didnt', 'infect', 'fellow']",
"['six', 'millions', 'investment', 'clinical', 'giving', 'hope']",bucuresti
"['going', 'wrong', 'side', 'history', 'trump', 'hope']",
"['topic', 'vision', 'hope', 'beat', 'justice']",Johannesburg
"['part', 'campaign', 'hope', 'staff', 'heroic', 'work']",Southern Massachusetts
"['see', 'face', 'like', 'hope', 'safe']",
"['hope', 'arent', 'doesnt', 'need', 'huge', 'rise']",Londongrad 
"['bunch', 'ignorant', 'arrogant', 'night', 'hope', 'catch']",uk
"['oh', 'man', 'need', 'hope', 'change', 'trump']",beneath the sheets
"['always', 'good', 'first', 'hope', 'successful', 'soviet']",US/EU
"['going', 'need', 'one', 'hope', 'grief', 'deck']",United States
"['great', 'see', 'hope', 'able', 'watching', 'away']",
"['fine', 'analysis', 'worsening', 'spread', 'hope', 'pandemic']","New York, NY"
"['top', 'story', 'hope', 'storm', 'full', 'video']",worldwide
"['hope', 'coverage', 'therapy', 'needing', 'zinc', 'save']",Victoria BC
"['hope', 'keep', 'soon', 'space', 'still', 'r']",Outthere
"['really', 'hope', 'one', 'freeing', 'doesnt', 'give']",inthahood 
"['hope', 'finish', 'foot', 'social', 'distance', 'times']",
"['going', 'wipe', 'people', 'cant', 'much', 'hope']",Perth WA 
"['top', 'story', 'hope', 'storm', 'full', 'video']","Test Valley, Hampshire"
"['amidst', 'sadness', 'death', 'brought', 'excitement', 'hope']",
"['better', 'hope', 'may', 'even', 'bigger', 'ahead']",
"['well', 'certain', 'growing', 'spread', 'hope', 'might']",
"['promising', 'bring', 'hope', 'fall', 'lap', 'share']",
"['good', 'see', 'steady', 'decline', 'hope', 'direction']",Texas Hill Country
"['ko', 'hope', 'would', 'fine', 'journalist', 'channel']",Mumbai
"['never', 'lose', 'hope', 'world', 'cannot', 'hopeful']","Kolkata, West Bengal"
"['open', 'new', 'people', 'new', 'hope', 'strength']",
"['hope', 'would', 'one', 'hope', 'outcome', 'devious']",
"['vaccine', 'race', 'begin', 'human', 'testing', 'hope']","Niagara, Ontario, Canada"
"['fantastic', 'hope', 'daughter', 'wonderful', 'birthday', 'style']",Mayo Clinic
"['let', 'us', 'hope', 'second', 'wave', 'minor']",Milan-Italy
"['new', 'per', 'hope', 'peak', 'decline', 'th']","Aberdeen, Scotland, UK."
"['hope', 'protest', 'school', 'management', 'reverse', 'decision']",
"['hope', 'late', 'stem', 'tide', 'expressed', 'openness']",Lewiston NY near Niagara Falls
"['hope', 'sensible', 'libertarian', 'enact', 'anything', 'similar']",
"['hope', 'choose', 'get', 'treatment', 'get', 'sick']","Maryland, USA"
"['hope', 'choose', 'pay', 'medical', 'funeral', 'infect']","Palm Beach, FL God help me"
"['hope', 'beating', 'successful', 'elimination', 'transmission', 'new']","New Haven, CT"
"['find', 'hope', 'produce', 'unique', 'vaccine', 'japan']",Asia Pacific
"['six', 'millions', 'investment', 'clinical', 'giving', 'hope']",‡∏õ‡∏£‡∏∞‡πÄ‡∏ó‡∏®‡πÑ‡∏ó‡∏¢
"['alright', 'seem', 'map', 'hope', 'werent', 'afflicted']",
"['gale', 'serious', 'note', 'hope', 'well', 'soon']",
"['hope', 'receive', 'medical', 'help', 'sick', 'w']",USA
"['hope', 'someone', 'telling', 'many', 'unnecessarily', 'infected']","Kansas City, Missouri"
"['hope', 'virus', 'end', 'soon', 'lightroom']",
"['hope', 'bring', 'aircraft', 'help', 'us', 'fighting']","Srinagar, India"
"['top', 'story', 'hope', 'storm', 'full', 'video']",From My Global NYC Window! 
"['top', 'story', 'hope', 'storm', 'full', 'video']",London
"['initial', 'josh', 'given', 'hope', 'accepted', 'defeat']",
"['top', 'story', 'hope', 'storm', 'full', 'video']","Guayaquil, Ecuador"
"['hope', 'helpful', 'family', 'research', 'small', 'large']","London, England"
"['hope', 'vaccine', 'show', 'better', 'contain', 'spread']",
"['finally', 'breakthrough', 'fight', 'hope', 'beginning', 'end']","Chandigarh, India"
"['hope', 'wont', 'another', 'spike', 'hong', 'august']",Hong Kong
"['privately', 'yesterday', 'hope', 'best', 'today', 'lightning']",
"['always', 'year', 'aint', 'keep', 'hope', 'alive']","Massachusetts, USA"
"['give', 'nation', 'hope', 'amidst', 'pandemic', 'one']",
"['good', 'luck', 'everyone', 'today', 'hope', 'receive']","London, England"
"['time', 'laugh', 'hope', 'made', 'smile']",
"['learning', 'conversation', 'leadership', 'hope', 'compassion']",United Kingdom
"['benefit', 'dollar', 'weakness', 'glimpse', 'hope', 'recover']",London
"['fam', 'hope', 'heal', 'never', 'forgiveness']","Phalaborwa, South Africa"
"['matter', 'done', 'china', 'hope', 'epidemic', 'united']",
"['hope', 'thanks', 'partnership', 'joint', 'campaign', 'able']","82 Bree Street, Cape Town"
"['every', 'year', 'put', 'enough', 'year', 'hope']",Philippines
"['hope', 'everything', 'goes', 'well', 'thank', 'staff']",Nottingham\Islington\Ashford
"['appreciate', 'everyone', 'hope', 'everyone', 'safe', 'covid']",
"['hope', 'join', 'tomorrow', 'school', 'staff', 'administration']","Santa Clara, CA"
"['seriously', 'really', 'hope', 'give', 'holy', 'hell']",
"['like', 'might', 'widespread', 'issue', 'hope', 'progress']","Brisbane, Queensland"
"['hope', 'get', 'well', 'soon', 'exam', 'pandemic']","New Delhi, India"
"['good', 'hope', 'dont', 'see', 'approach', 'sustainable']",
"['excitement', 'pumpkin', 'announcement', 'hope', 'doesnt', 'end']","Johannesburg, South Africa"
"['love', 'mask', 'luke', 'hope', 'safe', 'time']",Germany
"['wear', 'mask', 'protect', 'around', 'hope', 'bel']","Connecticut, USA"
"['dont', 'wish', 'since', 'hope', 'due', 'karma']",United States
"['hope', 'madness', 'trend', 'sticks', 'around', 'pickup']",
"['hi', 'hope', 'safe', 'saw', 'rendition', 'cinema']",
"['would', 'hope', 'crisis', 'coming', 'youd', 'urgent']",
"['light', 'hope', 'yet', 'move', 'forward', 'together']",Luxembourg
"['relaxed', 'quarantine', 'august', 'hope', 'real', 'vaccine']","Metro Manila, Philippines"
"['hope', 'today', 'watchman', 'going', 'gate', 'pass']","Nairobi, Kenya"
"['guy', 'daily', 'lifting', 'us', 'need', 'hope']",USA
"['state', 'emergency', 'bylaw', 'police', 'issue', 'hope']","Vancouver, BC"
"['bugger', 'formally', 'hope', 'vaccine', 'well', 'goes']",Melbourne but I tour worldwide
"['hope', 'dont', 'get', 'back', 'stage', 'artist']",harlow essex
"['dont', 'hope', 'vaccine', 'improve', 'response', 'via']","Accra, Ghana"
"['hope', 'bamboo', 'bats', 'dogs', 'party', 'menu']", England
"['sad', 'reality', 'line', 'drive', 'food', 'drive']","Florida, USA"
"['problem', 'brought', 'sad']",New York
"['survival', 'rate', 'sad', 'check', 'survival', 'rate', 'liver', 'cancer']",Chicago
"['new', 'three', 'days', 'graphics', 'show', 'sad']",Germany
"['primary', 'sad', 'wont', 'happen', 'year', 'keep', 'reading', 'writ']",
"['terrible', 'news', 'sorry', 'hear', 'loss', 'sad', 'consider', 'many', 'wonderful', 'people', 'lost', 'l']",
"['sad', 'visa', 'affected', 'pandemic', 'therefore', 'delay']","London, UK"
"['full', 'price', 'train', 'ticket', 'unable', 'renew', 'due', 'sad', 'times']","England, United Kingdom"
"['emotional', 'anniversary', 'today', 'yesterday', 'supposed', 'way', 'perform', 'pilgrimage', 'sad']",Ireland
"['read', 'evolution', 'sad', 'woman', 'book', 'shopping', 'bottom']","Houston area, Texas"
"['sad', 'even', 'economy', 'human']","Liverpool, England"
"['sad', 'one', 'id', 'looking', 'much', 'forward', 'visiting', 'next', 'trip']","Charlottenlund, Denmark"
"['honesty', 'throughout', 'article', 'cried', 'sad', 'reminder', 'pain', 'loss']","Meath, Ireland"
"['cruise', 'booked', 'abandon', 'sad', 'one', 'l', 'r']",Surrey
"['sad', 'many', 'shortsightedness']","London, England"
"['whats', 'evidence', 'sad', 'please', 'make', 'mind']",Oresund Region
"['showing', 'hugely', 'sad', 'dramatic', 'resurgence', 'listen']",
"['sad', 'reality', 'result', 'underlying']","South East, England"
"['sad', 'news', 'family', 'worked', 'hard', 'feeding']",Cardiff
"['really', 'sad', 'need', 'keep', 'telling', 'people', 'wear', 'face', 'mask', 'w']",
"['many', 'world', 'struggling', 'longer', 'distance', 'sad', 'happening']",
"['fact', 'havent', 'able', 'go', 'year', 'sad']","Reno, NV"
"['nobody', 'better', 'feel', 'sad', 'rest', 'nobody', 'half', 'good', 'baby']","Gateshead, England"
"['sad', 'dying', 'lake', 'treatment']",Bhubaneswar
"['crisis', 'management', 'extremely', 'sad', 'directly', 'impacted', 'already', 'seen']",
"['alcohol', 'kill', 'virus', 'use', 'hand', 'feeling', 'sad', 'people']",India
"['sad', 'miss', 'massive', 'tit', 'party', 'tonight', 'please', 'reopen', 'state']",
"['sad', 'indictment', 'believe', 'live', 'us', 'constitutional', 'type', 'bill', 'rig']",Sydney NSW Australia
"['apparently', 'completely', 'taken', 'trump', 'cant', 'trust', 'anything', 'comes', 'sad']",Rural Northern California
"['sad', 'double', 'mastectomy', 'reconstruction', 'pay']",
"['sad', 'business', 'plan', 'shut', 'open', 'full']","Chelan, WA"
"['please', 'donate', 'share', 'link', 'sad', 'story', 'lord', 'please', 'take', 'away', 'dreadful', 'disease', 'nash']","Windsor, Ontario"
"['sad', 'news', 'pandemic']",WorldWide
"['sad', 'work', 'commercial', 'working', 'local', 'supermarket', 'faced', 'flying', 'jo']",Perth Australia
"['lots', 'local', 'see', 'empty', 'sad']",Toronto
"['sad', 'affected', 'affected', 'government', 'affected', 'yet', 'rioting']","Knoxville, Tn"
"['county', 'update', 'new', 'new', 'sad', 'report']",
"['cant', 'fix', 'economic', 'impact', 'pandemic', 'without', 'fixing', 'pandemic', 'sad', 'say', 'eve']",Instagram: rafaelbellotv
"['today', 'according', 'another', 'terribly', 'sad', 'day']",Kentucky Near
"['usually', 'full', 'people', 'night', 'feel', 'sad', 'business']","Dublin City, Ireland"
"['sad', 'ugly', 'triage', 'tragedy', 'unfold', 'way']","New York, NY"
"['passing', 'officer', 'truly', 'sad', 'sending']",
"['sad', 'enough', 'emphasis', 'chronic', 'cancer', 'afraid']",
['sad'],‚ô• The Empire Strikes Back ‚ô•
"['sad', 'see', 'go', 'even', 'sad', 'see', 'ba', 'treating', 'staff']","36,000ft"
"['sad', 'silver', 'lining', 'terrible', 'also', 'value', 'infrastructure']",UK
"['sad', 'maybe', 'finally', 'make', 'seriousness', 'hit', 'home', 'congress']",Washington DC & Virginia
"['north', 'declared', 'state', 'emergency', 'one', 'single', 'case', 'kind', 'sad', 'tha']",
"['seeing', 'follow', 'count', 'go', 'due', 'posting', 'sad']",
"['sir', 'sad', 'truth', 'traitor', 'like', 'worth', 'hypocrisy', 'shame']","Karnataka, India"
"['health', 'sad', 'still', 'number']","Manila, Philippines"
"['totally', 'unexpected', 'sad']",  Shropshire England 
"['sad', 'sure', 'well', 'hear', 'though', 'question', 'w']",North America 
"['sad', 'give', 'wife']",United States
"['terribly', 'sad', 'mother', 'old', 'shield']",
"['sad', 'story', 'spread']","Cuttack, Bhubaneshwar, India "
"['sad', 'helping', 'right', 'everyone', 'gearing', 'persistently', 'assumption']","Chandler, AZ, USA"
"['sorry', 'hear', 'resident', 'particularly', 'sad', 'said']","Maryland, USA"
"['thats', 'sad', 'days', 'go', 'million', 'million', 'mar', 'mil']",USA
"['great', 'going', 'sad', 'commentary', 'unprepared', 'system', 'despite']","Reading, PA"
"['rip', 'sad', 'news', 'lost', 'one', 'doctor', 'tested', 'positive', 'last', 'month', 'took', 'h']","ùìùùìÆùîÄ ùììùìÆùìµùì±ùì≤, ùìòùì∑ùì≠ùì≤ùì™"
"['already', 'welfare', 'system', 'broke', 'needs', 'serious', 'reform', 'sad']",
"['sad', 'part', 'catch', 'none', 'fail', 'realize']",
"['thats', 'sad']","Bareilly,üá¨üáßBritish IndiaüáÆüá≥"
"['whats', 'sad', 'answer', 'current', 'send']",
"['seen', 'video', 'dog', 'wearing', 'riding', 'bike', 'store', 'sad', 'thing']",
"['seen', 'video', 'dog', 'wearing', 'riding', 'bike', 'store', 'sad', 'thing']",
"['happening', 'trump', 'revealing', 'sad', 'death', 'destruction', 'trump']","Texas, USA"
"['sad', 'make', 'sure', 'medical', 'examiner', 'doesnt', 'list', 'cause', 'death', 'though']",United States
"['sad', 'effect', 'pandemic', 'global', 'polio', 'eradication', 'initiative', 'abruptly', 'mass']","Washington, D.C."
"['sad', 'hear', 'burying', 'dead', 'body', 'village']","Bengaluru, India"
"['remember', 'smile', 'alone', 'save', 'sad', 'soul', 'heal', 'broken', 'spirit', 'share', 'kindness']",Nairobi
"['another', 'sad', 'closure', 'house', 'come']",Singapore
"['sad', 'reality', 'facing', 'retail', 'retail']",Brisbane
"['sad', 'surprising', 'hear', 'along', 'rise', 'due']",Australia & SE Asia
"['sad', 'even']","Mumbai-Bengaluru-Delhi,INDIA"
"['sad', 'non', 'essential', 'works', 'feed', 'people', 'one', 'house', 'feed', 'people', 'busy', 'g']","Lenasia, South Africa"
"['sad', 'say', 'cancer', 'political', 'weapon', 'far', 'left']","Bay Area, CA"
"['said', 'sad', 'cat', 'got', 'got', 'still', 'racist', 'aint', 'show']",where my dick land
"['excellent', 'piece', 'sad', 'state', 'beloved', 'state']","New Delhi, India"
"['really', 'sad', 'depreciation', 'day', 'day', 'rapidly', 'people']",
"['sad', 'suffering', 'various', 'sickness', 'unable']","California, USA"
['sad'],
['sad'],Lahore Pakistan
"['super', 'sad', 'dont', 'feel', 'right']","New York, USA"
"['sad', 'part', 'south', 'dont', 'news', 'like']","Cape Town, South Africa"
"['sad', 'many', 'brave', 'lost', 'battle']",New York
"['sad', 'news', 'family']",Northern California
"['additional', 'death', 'sad', 'reminder', 'importance', 'physical', 'wearing', 'mask', 'ge']","Halifax, Windsor/West Hants NS"
"['sad', 'news', 'second', 'death', 'one', 'raj', 'resident', 'pant', 'hospital']",
"['rip', 'family', 'sad', 'took', 'life', 'cain']","Kick Out Corruption, VA"
"['sad', 'thing', 'anyone', 'many', 'listen']",Texas
"['everyone', 'watching', 'panorama', 'really', 'interesting', 'sad']",
"['watching', 'panorama', 'sad', 'times', 'lot', 'answer']",Greater Manchester
"['sad', 'anyone', 'sick', 'however', 'refuse', 'wear']",Massachusetts
"['sad', 'truth', 'need', 'equal', 'access', 'care', 'address']","Newton, MA"
"['sad', 'man', 'staunch', 'supporter', 'trump', 'due', 'trump']",U.S.A.
"['sad', 'times']","North Charleston, SC"
"['sad', 'sad', 'excise', 'lawmaker', 'agree', 'senate', 'take', 'vacation', 'white']","Black Canyon City, Arizona"
"['awful', 'sad', 'mayor', 'said', 'black', 'another', 'time', 'lose']","San Leandro, CA"
"['bout', 'keep', 'wearing', 'damn', 'mask', 'sad']","Wisconsin, USA"
"['another', 'sad', 'record', 'today', 'globally', 'new', 'thats', 'new']","Berlin, Germany"
"['game', 'today', 'sad', 'hear', 'next', 'network', 'take']","Toronto, Ontario"
"['glad', 'sad', 'bigot']","Las Vegas, NV"
"['glad', 'sad', 'bigot']","Las Vegas, NV"
"['sad', 'arent', 'concerned', 'first', 'many']","San Francisco, CA"
"['much', 'sad']",
"['nefarious', 'pandemic', 'sad', 'misinformation']","Ann Arbor, MI"
"['reading', 'news', 'sad', 'industry']","Austin, Texas"
"['sad', 'campaign', 'boss', 'dont']",Augusta Georgia
['sad'],"Houston, TX"
"['sad', 'story', 'vet', 'ball', 'care', 'buddy', 'given', 'tested']",God knows. FB-StaceyLBracey
"['sad', 'hear', 'news', 'glad', 'mild', 'quick', 'recovery']","Orlando, FL"
"['sad', 'two', 'dead', 'didnt', 'support', 'sad']","Binan, Laguna"
"['wish', 'one', 'death', 'sad', 'truth', 'didnt', 'way']",
"['sad', 'hear', 'untimely', 'passing', 'away', 'officer', 'last']","New Delhi/Srinagar, India"
"['sad', 'media', 'speak', 'freely', 'comes']","Bengaluru, India"
"['needing', 'help', 'response', 'sad']","Sonoma, California"
['sad'],
"['loving', 'also', 'sad', 'watching', 'ever', 'get', 'back', 'like', 'crap']",Aberdeen
['sad'],
"['incapable', 'learning', 'thats', 'sad', 'make', 'percent', 'p']",
"['really', 'sad', 'sick', 'dying']",New York City
"['sad', 'us', 'think', 'people', 'sick', 'without', 'family', 'comfort']",
['sad'],"Florida, USA"
"['thread', 'sad', 'news', 'om', 'family']",Trilinga Desaüïâ(Telugu States)
"['oh', 'sad', 'embarrassing']"," Los Angeles, California "
"['sad', 'share', 'demise', 'three', 'today', 'late', 'morning', 'late']",
"['sad', 'truth']","Wellingborough, England"
"['seeing', 'lack', 'camera', 'role', 'honestly', 'sad', 'one', 'day', 'gone', 'look', 'back']","Texas, USA"
"['world', 'today', 'number', 'people', 'still', 'dying', 'proof', 'sad']","Bulawayo, Zimbabwe"
"['update', 'sad', 'reality', 'see', 'even', 'yesterday', 'much']",New York City
"['sad', 'like', 'parentless', 'living', 'detention', 'along']","Whistler BC, Canada "
"['aw', 'poor', 'widdle', 'baby', 'sad', 'nobody', 'snowflake', 'already', 'given', 'fig']",
"['incredible', 'great', 'sad', 'devastating', 'rest', 'us']",wherever delicious food is!
"['sad', 'many', 'people', 'selfish', 'realize', 'arent', 'directly', 'affecting']",
"['absolutely', 'disgust', 'sad', 'pathetic', 'like', 'arent', 'wont', 'take']",ùöùùöëùöé ùöóùöûùöõùöúùöéùöõùö¢
"['feeling', 'sad', 'depressed', 'stress', 'aging', 'read', 'review', 'new', 'book']","Orange County, California"
"['county', 'new', 'today', 'sad', 'report', 'another', 'related']",Texas
"['sad', 'story', 'interesting', 'varied', 'impact', 'family', 'ranged']",USA
"['upon', 'time', 'might', 'see', 'similar', 'scene', 'perhaps', 'sad']",MD
"['pandemic', 'end', 'fading', 'fast', 'scary', 'sad']",love my USA
"['hey', 'cant', 'help', 'feel', 'sad', 'people', 'didnt', 'listen', 'early', 'stop']","Boston, MA"
"['losing', 'respect', 'day', 'sad', 'might', 'well']","Glasgow, Scotland"
"['time', 'distract', 'bit', 'sad', 'upsetting', 'news', 'bit']","Baden-W√ºrttemberg, D"
"['deeply', 'hear', 'sad', 'news', 'union', 'home', 'minister', 'getting']","Manipur, India"
"['sad', 'news', 'chief', 'minister', 'positive', 'good', 'chief', 'minister', 'get']","Karnataka, India"
"['every', 'country', 'way', 'sad', 'part']","√úT: -26.123367,28.10884"
"['see', 'sad', 'exploit', 'suffering', 'people', 'untrue']","Vienna, Austria"
"['sad', 'top', 'facing', 'brunt', 'wish', 'speedy', 'recovery']",India
"['sad', 'see', 'increasing', 'much', 'fast', 'everyone', 'please']",Maldives
"['never', 'felt', 'alone', 'life', 'sad']",Asgard
"['last', 'three', 'days', 'working', 'amazing', 'team', 'finished', 'sad', 'see', 'moving', 'great', 'work']",GWH Swindon & NCEPOD London
"['barber', 'closed', 'shop', 'guess', 'mop', 'really', 'sad', 'news', 'great', 'guy', 'b']","Toronto, Canada"
"['aka', 'real', 'sad', 'attempt', 'mask', 'cool']","Wellington, FL"
"['sad', 'attention', 'corruption', 'pandemic', 'w']","Johannesburg, South Africa"
"['dire', 'sad', 'times', 'pay', 'national']",
"['pretty', 'sad', 'reason', 'begging', 'lord', 'give', 'special', 'wisdom']","Texas, USA"
"['sad', 'medicinal', 'homoeopathy', 'getting', 'rightful', 'fight']",
"['pretty', 'sad', 'reason', 'begging', 'lord', 'give', 'special', 'wisdom']","Texas, USA"
"['serious', 'sad', 'one', 'could', 'almost', 'laugh', 'president', 'obviously', 'given']",Berlin - Hannover - Br√ºssel
"['sad', 'guess', 'karma', 'ass', 'best', 'luck', 'father']","Abilene, TX"
"['sad', 'see', 'sort', 'condolence', 'people', 'getting', 'tested', 'positive', 'doesnt', 'help']","Bengaluru, India"
"['sad', 'days', 'devastating', 'impact', 'mental', 'health']","England, United Kingdom"
"['dont', 'want', 'die', 'love', 'wife', 'family', 'sad', 'people', 'lost']",
"['sad', 'currently', 'apartment']","Lagos, Nigeria"
"['sad', 'true', 'trump']","Gananoque/1000 Islands, ON CAN"
"['sad', 'news', 'non', 'related', 'hubby', 'rang', 'work', 'funeral', 'go', 'ahead', 'immediate']",
"['sad', 'diabetes', 'pray', 'family']",United States
"['someone', 'read', 'big', 'sad']",Your back yard
"['sad', 'respiratory', 'poorly', 'funded', 'try', 'mum', 'enough', 'oxygen', 'watch']","Wigan, England"
"['soon', 'enough', 'another', 'although', 'sad', 'infected', 'people']","Bengaluru, India"
"['sad', 'see', 'many', 'medical', 'sacrifice', 'integrity', 'dispose']",Can't b a remedy 2ur stupidity
"['sad', 'see', 'supreme', 'court', 'protect', 'cruel', 'unusual', 'punishment']",Newport Beach
"['sad', 'reality', 'fine', 'demented', 'old', 'bigot', 'serial', 'rapist', 'ad']",Minneapolis
"['beyond', 'sad', 'store', 'afraid', 'get', 'shot', 'wear', 'mas']",Notre Dame
"['read', 'evolution', 'sad', 'woman', 'book', 'shopping', 'bottom']","Houston area, Texas"
"['really', 'sad', 'us', 'whole', 'debacle', 'never']","Qualicum Beach, British Columbia"
"['sad', 'reality', 'many', 'homelessness', 'pandemic', 'many', 'homeless', 'people', 'hanging']","Washington, DC"
"['sad', 'reality', 'many', 'homelessness', 'pandemic', 'many', 'homeless', 'people', 'hanging', 'themsel']","Washington, DC"
"['sad', 'pool', 'closed', 'already', 'drained', 'luckily', 'got']","Austin, TX"
"['cinnamon', 'toast', 'crunch', 'sad', 'trump', 'defeat', 'cereal']",
"['local', 'bike', 'legend', 'man', 'knew', 'everything', 'kind', 'bike', 'sad', 'rip']","Panama City Beach, FL"
"['sad', 'fact', 'day', 'sometimes', 'people', 'ask', 'something', 'future', 'work', 'pause']","St Louis, MO"
"['cant', 'believe', 'point', 'still', 'people', 'posting', 'existence', 'sad', 'dangerous', 'irresponsible']","Bogota, Colombia"
"['sad', 'number', 'small', 'cut', 'government', 'support', 'due']",Melbourne; Hong Kong; Manila
"['human', 'brain', 'generally', 'something', 'mirror', 'face', 'sad', 'dont', 'tell']",RTs are not endorsements.
"['sad', 'tragic', 'saw', 'news', 'could', 'done', 'h']","Gananoque/1000 Islands, ON CAN"
"['sad', 'lose', 'child', 'none', 'happen']","New York, NY"
"['sad', 'convince', 'people']",USA
"['sad', 'president', 'calling', 'ar']",
"['sad', 'meet', 'way', 'would', 'much', 'rather', 'met', 'much', 'better']","New York, NY"
"['sad', 'reality', 'even', 'like', 'still', 'await']","Pretoria, South Africa"
"['may', 'well', 'sad', 'times']",USA
"['race', 'sad', 'people', 'die', 'always', 'matter', 'question']","Surrexshire, UK"
"['sad', 'though', 'surprising', 'around', 'world', 'notable', 'panicked']",Lily KY
"['cure', 'possible', 'medicine', 'discrimination', 'n', 'sad', 'story']","Hyderabad, Telangana"
"['thanks', 'sad', 'day', 'people', 'get', 'accept', 'valid']",
"['really', 'sad', 'hear', 'wave', 'many']",London/Kuala Lumpur/ Potatoes for Peace world
"['sad', 'rather', 'well', 'life', 'extremely', 'unfair', 'sometimes']",Cameroon
"['sad', 'see', 'current', 'situation', 'world', 'fight', 'country']",Slovak Republic
"['heartily', 'appreciate', 'collector', 'control', 'pandemic', 'sad', 'see', 'th']","Udaipur, India"
"['sad', 'sensitivity', 'needs', 'come', 'sensationalism', 'rip', 'mir']",Kashmir | London 
"['sad', 'done', 'stop', 'done', 'stop']","New York, USA"
"['x', 'always', 'sad', 'read', 'frequently']",
"['normal', 'feel', 'sad', 'confused', 'angry']","Addis Ababa, Ethiopia"
['sad'],
"['sad', 'demise', 'ashraf', 'mir']",Abi Guzar Lal Chowk Srinagar
"['update', 'able', 'beautiful', 'wedding', 'sad', 'cannot', 'person']",Australia
"['sad', 'still', 'take', 'joke']",Srinagar kashmir
"['sad', 'heartbreaking', 'news']","Jammu, Jammu And Kashmir "
['sad'],
"['sometimes', 'feel', 'like', 'telling', 'answer', 'sad']",
"['stupid', 'scary', 'sad', 'impossible', 'keep', 'home', 'south']","Seattle, WA"
"['look', 'sad', 'news', 'march', 'madness', 'way', 'back', 'ago', 'plenty', 'time', 'clean']","Raleigh, NC"
"['sad', 'thing', 'common', 'occurrence', 'ravage', 'country', 'assistance']","Texas, USA"
"['pandemic', 'experience', 'hit', 'new', 'low', 'fellow', 'away', 'sad', 'inside']",
"['impact', 'risk', 'sad', 'times']","Texas, USA üá∫üá∏"
"['really', 'sad', 'hear', 'child', 'balbriggan', 'house', 'fire', 'away', 'way', 'hospital']",Ireland
"['sad', 'news']",
"['sad', 'see', 'death', 'time', 'without', 'rise', 'worrying']",Northern Ireland
"['sad', 'case', 'absolutely', 'reason', 'guy', 'freed', 'hurt', 'anyone', 'crime']",
"['sad', 'blinks', 'dont', 'even', 'care', 'post', 'funny', 'mad']","i love lisa sm, i like jisoo 2"
"['sad', 'thanks', 'knew', 'since', 'raping', 'usual', 'h']","Ohio, USA"
"['stuff', 'sad', 'likely', 'person', 'instruction', 'whole', 'year']",United States
"['feel', 'bad', 'see', 'ground', 'hold', 'say', 'feel', 'unwanted', 'sad']",LA
"['sad', 'though', 'need', 'aware', 'part', 'new', 'normal', 'people', 'need']","Melbourne, Victoria"
"['thats', 'deadly', 'virus', 'sad', 'say', 'tentacle']",Yorkshire
"['sad', 'start', 'work', 'id', 'go', 'far', 'say']",
"['sad', 'people', 'thinking', 'c']","Tulsa, OK"
"['alert', 'level', 'rest', 'level', 'sad', 'community', 'transmission', 'days']",
"['sad', 'see', 'like', 'likely', 'age', 'group']",Australia
"['tired', 'sad', 'never', 'give', 'say']",
"['reminder', 'really', 'sad', 'barely', 'anyone', 'talking', 'country', 'hit']",Berlin
"['active', 'new', 'sad', 'say', 'people']",
"['worried', 'saw', 'russia', 'launch', 'sentence', 'guess', 'thats', 'sad', 'story', 'mind']","Mumbai, India"
"['sad', 'unchecked', 'corps', 'harm', 'overall', 'public', 'affordable', 'food', 'much']","California, USA"
"['incredibly', 'sad', 'people', 'already', 'jobless', 'another', 'self', 'employed']",Switzerland
"['people', 'payroll', 'since', 'march', 'people', 'story', 'sad', 'times']",Oxfordshire
"['uncontrolled', 'spread', 'trump', 'map', 'sad']",NYLon
"['sad', 'report', 'line', 'duty', 'due']","Atlanta, GA"
"['sad', 'sad', 'news', 'live', 'ultimate', 'pantomime', 'villain', 'behind', 'front', 'b']","Leeds, Yorkshire"
"['sad', 'people', 'still', 'reckless', 'making', 'dumb', 'still', 'mess']","Fort Worth, TX"
"['feeling', 'sad', 'wish', 'could', 'stop', 'crying', 'happen', 'kill']",London England
"['every', 'closure', 'postponement', 'becomes', 'increasingly', 'sad', 'theatrical', 'landscape']",
"['normal', 'feel', 'sad', 'confused', 'angry', 'crisis', 'especially', 'talking']","Doha, Qatar"
"['sad', 'misguidance', 'took', 'away', 'joy', 'life', 'youth', 'world']","Herndon, VA USA & Hyderabad In"
"['sad', 'like', 'san', 'virus', 'spread', 'unchecked']",
"['spot', 'sad', 'expect', 'day']","North East, England"
"['health', 'sad', 'pandemic', 'eve']","Manila, Philippines"
"['life', 'hard', 'right', 'feel', 'sad', 'lost', 'student']","San Diego, CA"
"['sad', 'news']","Bay Area, CA"
"['sad', 'black', 'lost', 'respect', 'tweeter']",South Africa 
"['agree', 'another', 'sad', 'reminder', 'shown', 'world', 'people', 'sha']","Berlin, Germany"
"['theyre', 'sad', 'poor', 'little', 'boy', 'went']",Home of the Run On Sentance
"['time', 'would', 'fighting', 'sad', 'note', 'c']",Malawi
"['singer', 'frank', 'sad']","New York, NY"
"['responsible', 'behavior', 'find', 'quite', 'sad', 'discouraging']","Anchorage, AK"
"['sad', 'pathetic']",Earth
"['sad', 'story', 'follow', 'follow', 'back', 'instantly']","Cape Town, South Africa"
"['sad', 'devastating', 'news', 'indeed', 'horrible', 'effects', 'father', 'son', 'medic']",
"['sad', 'need', 'stick', 'really', 'sad']","Johannesburg, South Africa"
"['sad', 'say', 'people', 'around', 'acting', 'like', 'didnt', 'come', 'really']","Aarhus, Central Jutland"
"['sad', 'news', 'concerning', 'job', 'affecting', 'effective', 'essential']",
"['death', 'confirmed', 'sad', 'indeed', 'spike', 'think', 'mass', 'wort', 'believe']","Malmo, Sweden"
"['going', 'knee', 'operation', 'today', 'sad', 'mother']",Hfuhruhurr Island
"['two', 'meet', 'greet', 'sad', 'sent', 'wi']",
"['sad', 'reality', 'another', 'crisis', 'malnutrition', 'building', 'many', 'older', 'ass']",France
"['feeling', 'sad', 'demise']","Hyderabad, India"
"['cant', 'help', 'feeling', 'lot', 'sad', 'young', 'people', 'today', 'sending', 'love']","Devizes, England"
"['active', 'new', 'sad', 'say', 'people', 'due']",
"['sad', 'beautiful', 'city', 'speaking']",Beal feirste - Ireland
"['today', 'medical', 'fraternity', 'another', 'sad', 'new', 'loss', 'one', 'senior']",Nairobi Kenya
"['friend', 'something', 'cure', 'cancer', 'wind', 'sad']",
"['watch', 'first', 'near', 'red', 'sad', 'sad']",USA
"['sad', 'report', 'devastation', 'climbing']","Center Point, IA"
"['part', 'sad', 'seeing', 'really', 'come', 'appreciate', 'home', 'setup', 'since']","Cincinnati,Ohio"
"['given', 'high', 'number', 'aged', 'care', 'wont', 'elderly', 'people', 'left', 'sad']","Melbourne, VIC"
"['thats', 'sad', 'hopefully', 'would', 'change', 'mind']",Australia
"['sad', 'times', 'living', 'especially', 'enough', 'please', 'follow']","Dallas, Texas"
"['first', 'worst', 'sad', 'think', 'needlessly']",USA
"['month', 'pandemic', 'learning', 'sad', 'failing']",NJ USA & occasionally NL
"['sad', 'disheartening', 'country', 'per', 'million', 'people']","Texas, USA"
"['possible', 'sudden', 'surge', 'teacher', 'really', 'sad']","Manchester, NH"
"['community', 'transmission', 'sad', 'true']",
"['sad', 'even', 'pandemic', 'forcing', 'delivery', 'deliver', 'time']","Bengaluru, India"
"['remind', 'sad', 'loss', 'majority', 'time', 'far', 'many']", 
"['fake', 'stop', 'trying', 'cause', 'depression', 'anxiety', 'people', 'sad', 'disgusting']",
"['use', 'several', 'professional', 'sad', 'looking', 'p']","Barcellona, Spagna"
"['woke', 'wanting', 'understand', 'life', 'sad', 'coffee', 'nervous']",
"['feeling', 'sad', 'dont', 'forget', 'cry', 'come', 'back', 'god']",
"['sad', 'say', 'dead', 'could', 'say', 'remorse']",
"['sad', 'far', 'least', 'popular', 'answer', 'people', 'stem', 'flow']","Yuma, AZ"
"['even', 'want', 'sad', 'see', 'wistful', 'lonely', 'feel', 'long']",CA
"['sad', 'breaking', 'news', 'trump', 'passing', 'away', 'president', 'younger', 'brother', 'unwell']","London, England"
"['sad', 'dying']",Seattle-Tacoma
"['sad', 'another', 'loss', 'presume']","Texas, USA"
"['right', 'headed', 'sad', 'could']",Everywhere
"['guess', 'one', 'covid', 'social', 'wreck', 'beach', 'sad']","Vancouver, BC. Canada"
"['ignorance', 'overwhelming', 'took', 'life', 'brother', 'sad']","Washington, USA"
"['sad', 'family']",Earth (most of the time)
"['one', 'sad', 'thing', 'trump', 'passing', 'away', 'many', 'people', 'hurt', 'lack', 'empathy']",
"['trump', 'family', 'always', 'tragic', 'death', 'sad', 'passing', 'covid', 'related']",
"['sad', 'thing', 'way', 'taking', 'joke', 'laughing', 'running', 'president']",
"['sad', 'true', 'question', 'allow', 'get', 'away', 'thin']",New Jersey 
"['sad', 'see', 'would', 'wasp', 'headless', 'tour', 'l']",
"['sad', 'right', 'pandemic', 'run', 'led']",Bungoma
"['none', 'blind', 'see', 'sad']","Belfast, Northern Ireland."
"['extremely', 'sad', 'heartbreaking', 'news', 'celebrity', 'dont', 'ever', 'think']","New Delhi, India"
"['feel', 'sad', 'well', 'educated', 'continue', 'share', 'fake', 'news', 'learn', 'h']",
"['great', 'initiative', 'community', 'nothing', 'sad']","Bingham, Nottinghamshire.GB"
"['sad', 'travel', 'like', 'become', 'food', 'doubtful', 'well', 'soon']",
"['sad', 'indeed', 'result', 'example', 'set', 'society']","Belfast , Glasgow"
"['twitter', 'needs', 'sad', 'button', 'take', 'care', 'thing', 'something']","Hammond, IN"
"['sad', 'alone', 'corona', 'infection', 'visit']",peeping while you are sleeping
"['sad', 'pray', 'god', 'corona', 'disease', 'go', 'away', 'soon', 'possible']","Uttar Pradesh, India"
"['extremely', 'condemnable', 'sad', 'world', 'gone', 'testing', 'times', 'crisis']",Pakistan
"['sad', 'think', 'going', 'l']","Stanford, CA; Seattle, WA; Hawaii, USA; Edinburgh, GB"
"['people', 'going', 'die', 'sad']",
"['unspoken', 'sad', 'side', 'effects', 'hearing', 'longer', 'read', 'difficult']","Pasadena, CA"
"['every', 'red', 'zone', 'country', 'sad', 'state', 'pandemic']",Washington DC & Virginia
"['sobering', 'profoundly', 'sad', 'list', 'lost']","Boston, MA"
"['reading', 'evolution', 'sad', 'woman', 'book', 'shopping', 'bottom', 'page']","Houston area, Texas"
"['sad', 'heartbreaking', 'loss', 'happen', 'thank', 'making']","Boston, MA"
"['wow', 'rip', 'nurse', 'sad', 'always']","√úT: 6.598877,3.2708515"
"['feel', 'profoundly', 'sad', 'working', 'hard', 'throughout', 'face', 'uncertainty']",Surrey
['sad'],"New Delhi, India"
"['sad', 'death']",
"['ha', 'sad', 'times']",
"['today', 'sad', 'day', 'come', 'understand', 'demise', 'reverend', 'metropolitan', 'ambrose']",
"['polling', 'survey', 'felt', 'sad', 'anxious']","NYC, NY"
"['sad', 'family', 'occasion', 'funeral', 'appropriate', 'dead']","VA, MN, TX, DC, upstate NY"
"['thats', 'sad', 'karma']",
"['sad', 'people', 'dont', 'care', 'safety', 'travel', 'please', 'dispose', 'mask', 'face', 'shield']",India
"['read', 'see', 'week', 'love', 'sing', 'dance', 'really', 'sad']","Sheffield, England"
"['think', 'becoming', 'numb', 'sad']","Youngstown, OH"
"['sad', 'times', 'staff', 'reading', 'back', 'story', 'gone']","Burnham, Bucks"
"['sad', 'news', 'make', 'sure', 'part', 'series', 'travel']","Wales, United Kingdom"
"['watch', 'first', 'near', 'red', 'sad', 'sad']",USA
"['many', 'saved', 'sad', 'little', 'paper']","Orange County, CA"
"['active', 'new', 'sad', 'say', 'people']",
"['another', 'useless', 'tweet', 'terrorist', 'trying', 'stay', 'relevant', 'sad']","Great Wolford, England"
"['sad', 'hear', 'morning', 'booked', 'good', 'past', 'even']","Altrincham, Greater Manchester"
"['sad', 'medical', 'elective', 'round', 'world', 'travel']","University College London, UK "
"['sad', 'see', 'gone', 'business', 'many', 'great', 'journey', 'great', 'wishing', 'th']","Birmingham, England"
"['sad', 'news', 'lot', 'student', 'travel', 'back', 'day', 'news', 'c']",Europe
"['still', 'active', 'lethal', 'sad', 'hear', 'loss', 'ache', 'comfort']",Torrance CA
"['sad', 'people', 'wont', 'use', 'refrain', 'negligently', 'careless', 'behavior']","#BLM, #LGBTQüåãüêòüèûüêÜüåå   "
"['sad', 'hear', 'death', 'wife', 'rita', 'many', 'th']","San Antonio, Texas"
"['sad', 'defend', 'handling', 'response', 'disaster']",
"['actually', 'capable', 'feeling', 'sad', 'mourning', 'one']",19475
"['another', 'sad', 'story', 'another', 'wonderful', 'taken', 'soon']","Massachusetts, USA"
"['sad', 'eerie', 'look', 'broken', 'city']",
"['alert', 'reveal', 'sad', 'quarantine', 'dorm', 'global', 'pandemic', 'news']",WORLDWIDE
"['agreed', 'sad', 'truth', 'never', 'totally', 'stop', 'coming', 'live', 'global', 'world', 'people']",New Hamshire
"['rumor', 'brother', 'source', 'hospital', 'rip', 'sad']",
"['sons', 'birthday', 'summed', 'one', 'photo', 'autism', 'sad', 'came', 'room']","South, Ontario"
"['imagine', 'day', 'dont', 'got', 'nun', 'else', 'thats', 'sad']",
"['sad', 'someone', 'actually', 'dying', 'finally', 'wake', 'believe', 'trump', 'lying']","Glassboro, NJ"
"['cancel', 'trip', 'due', 'travel', 'sad', 'mad', 'health']","Indianapolis, IN, USA, Earth"
"['fam', 'want', 'joyful', 'feel', 'sad', 'today', 'gentle']",
"['sad', 'trump', 'occupant', 'maybe', 'none']",
"['sad', 'outdoors', 'could', 'responsibly', 'much', 'take']","Albany, New York"
"['sad', 'say', 'live', 'state']","Jacksonville, FL"
"['sobering', 'sad', 'read']","Granite City, IL"
"['sad', 'news', 'canada']",canada
"['hello', 'sad', 'since', 'beginning', 'pandemic', 'men', 'taking']","S√£o Paulo, Brasil"
"['sad', 'really', 'like', 'covid']",United States üá∫üá∏
"['positive', 'optimistic', 'outlook', 'feel', 'sad', 'time', 'feel', 'sad', 'grieving']","Melbourne, Victoria"
"['sad', 'picture', 'heart', 'seeing', 'people', 'spit', 'people']","Glasgow, Scotland"
"['sad', 'news', 'promise', 'pop', 'perfection', 'untimely', 'passing', 'really']","Chesterfield, England"
"['sad', 'case', 'possible', 'winter', 'covid', 'let', 'led', 'mas']",Global
"['ignorance', 'people', 'show', 'pandemic', 'sad', 'yes', 'get', 'yes', 'get']",Worldwide
"['sad', 'statistic']",Sydney
"['people', 'still', 'want', 'vote', 'sad', 'part']",
"['sad', 'know', 'increasing', 'loosing', 'day', 'day']",
"['sad', 'know', 'increasing', 'loosing', 'day', 'day']","ùìùùìÆùîÄ ùììùìÆùìµùì±ùì≤, ùìòùì∑ùì≠ùì≤ùì™"
"['sad', 'look', 'stadium', 'empty', 'awesome', 'like', 'movie', 'watching', 'missing', 'theater', 'atmosphere']",
"['still', 'still', 'sad', 'jobless', 'old', 'tell']",The Land of No Trump üéà‚úàÔ∏èüõ©üî≠
"['wonder', 'beach', 'lonely', 'curfew', 'used', 'run', 'felt', 'lonely', 'sad']",Palestine
"['overthink', 'yes', 'overthink', 'want', 'sad', 'feel', 'much']","Jammu And Kashmir, India"
"['sad', 'sad', 'going', 'keep', 'cycling', 'cant', 'fight', 'god', 'help', 'us']",Arizona 
"['times', 'even', 'god', 'let', 'go', 'days', 'early', 'day', 'sad']","Austin, TX"
"['arent', 'ya', 'sad', 'little', 'smart', 'smart', 'logical', 'selfless']",·¥ò Ä·¥è  ú·¥è·¥ç·¥á Íú±·¥õ·¥ú·¥Ö…™·¥è üé§ Texas-616
"['sad', 'silly', 'people', 'probably', 'havent', 'planet', 'earth', 'globe', 'yet', 'either', 'wonder']",Chippenham Wiltshire
"['hard', 'watching', 'without', 'cheering', 'crowd', 'sad']","Landis, NC"
"['yeah', 'pretty', 'much', 'rest', 'us', 'woke', 'sad', 'nearly', 'us']","Sputnik Planum, Pluto"
"['watching', 'show', 'two', 'walking', 'drinking', 'coffee', 'social', 'distance', 'made', 'feel', 'sad']",Stumptown
"['sad', 'rip', 'young', 'man', 'would', 'like']","Dublin, Ireland"
"['sad', 'year', 'taken', 'many', 'great', 'people', 'ways']",AZ
"['million', 'world', 'officially', 'speaking', 'reality', 'probably', 'higher', 'sad']","Terrassa, Barcelona"
"['someone', 'please', 'send', 'theres', 'sad', 'story', 'want', 'buy']","Bronkhorstspruit, South Africa"
"['sad', 'joke', 'government']",My testimony at t Finance Comm
"['covid', 'whole', 'global', 'nothing', 'sad']","Windhoek, Namibia"
"['sad', 'people', 'got', 'say', 'tyranny', 'square', 'today', 'might', 'ge']",
"['sad', 'swear', 'didnt', 'bad', 'luck', 'luck', 'corrupt', 'p']",
